transaction_id,account_id,tran_date,settle_date,merchant_id,transaction_type,amount_in_actual_currency,conversion_rate
1,1398,2024-10-17,2024-10-18,2425,Debit,102.71,1.06
2,1295,2024-11-16,2024-11-19,2585,Debit,259.76,1.06
3,1359,2024-01-05,2024-01-07,2283,Debit,467.78,1.06
4,2672,2024-03-05,2024-03-06,2148,Credit,32.15,0.91
5,2629,2024-11-30,2024-12-03,2049,Credit,424.74,0.93
6,2709,2024-02-19,2024-02-22,2971,Credit,22.92,1.08
7,2185,2024-03-13,2024-03-16,2882,Credit,169.7,1.07
8,1708,2024-10-25,2024-10-28,2563,Debit,86.8,0.95
9,1440,2024-02-03,2024-02-05,2281,Debit,229.19,1.0
10,2249,2024-12-27,2024-12-29,2461,Debit,54.09,0.9
11,2673,2024-10-22,2024-10-26,2333,Debit,291.63,0.9
12,1466,2024-03-21,2024-03-22,2768,Debit,275.06,0.95
13,1714,2024-12-04,2024-12-06,2365,Debit,71.02,1.09
14,2189,2024-04-21,2024-04-25,2261,Credit,247.7,1.04
15,1258,2024-11-28,2024-11-30,2177,Credit,241.35,0.93
16,2158,2024-06-05,2024-06-08,2876,Credit,72.5,0.99
17,2836,2024-10-26,2024-10-30,2621,Debit,183.73,0.96
18,2964,2024-03-27,2024-03-30,2198,Credit,69.81,1.05
19,2071,2024-05-22,2024-05-25,2503,Credit,436.95,0.93
20,1330,2024-07-23,2024-07-26,2629,Debit,43.15,0.99
21,1677,2024-12-04,2024-12-07,2952,Debit,93.87,1.04
22,2551,2024-01-16,2024-01-20,2131,Credit,184.19,1.08
23,1439,2024-02-06,2024-02-09,2558,Credit,63.13,0.97
24,2215,2024-03-10,2024-03-14,2338,Debit,38.74,1.0
25,1738,2024-12-03,2024-12-07,2616,Credit,329.29,1.1
26,1806,2024-08-07,2024-08-08,2943,Credit,257.68,1.0
27,1002,2024-10-06,2024-10-10,2591,Debit,383.08,1.07
28,2534,2024-03-22,2024-03-26,2601,Credit,157.19,0.95
29,1343,2024-11-17,2024-11-20,2989,Debit,260.53,0.95
30,1735,2024-08-10,2024-08-11,2661,Debit,15.1,1.03
31,2190,2024-01-14,2024-01-18,2053,Credit,187.87,1.02
32,1288,2024-12-23,2024-12-24,2938,Debit,393.29,0.92
33,1019,2024-05-15,2024-05-16,2992,Credit,427.72,0.93
34,2332,2024-12-22,2024-12-25,2608,Debit,168.36,1.0
35,2332,2024-04-29,2024-04-30,2687,Credit,286.24,1.09
36,1654,2024-07-03,2024-07-06,2442,Debit,282.26,1.06
37,2401,2024-07-14,2024-07-18,2290,Debit,246.6,1.08
38,1744,2024-10-02,2024-10-04,2781,Credit,101.44,1.0
39,1874,2024-07-01,2024-07-05,2427,Debit,123.6,1.06
40,2133,2024-04-04,2024-04-07,2894,Credit,343.27,0.96
41,1432,2024-02-07,2024-02-09,2562,Debit,323.93,0.93
42,1827,2024-03-29,2024-03-30,2607,Debit,47.43,0.93
43,1768,2024-10-11,2024-10-12,2765,Debit,181.2,0.95
44,1456,2024-12-21,2024-12-25,2776,Debit,360.41,0.91
45,2802,2024-05-24,2024-05-28,2342,Debit,413.38,0.96
46,2549,2024-06-17,2024-06-20,2902,Debit,50.36,1.1
47,1093,2024-05-18,2024-05-19,2574,Credit,192.84,0.95
48,2531,2024-07-04,2024-07-08,2667,Credit,460.99,1.05
49,1382,2024-10-15,2024-10-16,2762,Debit,397.08,1.01
50,1798,2024-06-19,2024-06-21,2910,Debit,169.85,1.09
51,1739,2024-06-05,2024-06-09,2507,Debit,454.19,1.03
52,1226,2024-02-04,2024-02-06,2596,Debit,62.48,0.99
53,1265,2024-12-16,2024-12-20,2796,Credit,214.55,1.03
54,1571,2024-11-05,2024-11-09,2538,Debit,460.51,0.9
55,2648,2024-06-01,2024-06-02,2353,Credit,397.77,0.91
56,2661,2024-11-20,2024-11-22,2124,Debit,385.77,1.0
57,2954,2024-09-18,2024-09-20,2395,Debit,209.45,1.0
58,1531,2024-08-17,2024-08-19,2884,Credit,469.29,0.92
59,2368,2024-07-24,2024-07-28,2959,Credit,213.25,0.94
60,1674,2024-11-07,2024-11-10,2771,Credit,394.25,1.04
61,2813,2024-03-13,2024-03-17,2929,Debit,153.73,0.91
62,1054,2024-06-16,2024-06-18,2251,Debit,377.91,1.05
63,1966,2024-08-10,2024-08-13,2948,Credit,281.88,1.06
64,1053,2024-06-06,2024-06-10,2373,Debit,134.49,1.0
65,2323,2024-02-02,2024-02-04,2822,Debit,93.0,0.99
66,2168,2024-09-30,2024-10-02,2090,Debit,414.04,1.02
67,2779,2024-10-23,2024-10-25,2032,Credit,368.7,1.01
68,1437,2024-07-13,2024-07-16,2887,Debit,98.79,0.93
69,2534,2024-12-27,2024-12-31,2731,Debit,419.83,1.08
70,2365,2024-09-05,2024-09-09,2011,Credit,203.75,1.08
71,1160,2024-03-02,2024-03-05,2339,Credit,342.68,1.01
72,1408,2024-11-30,2024-12-03,2964,Credit,237.29,1.06
73,2947,2024-10-05,2024-10-08,2339,Credit,287.38,0.97
74,2039,2024-11-16,2024-11-18,2121,Debit,244.51,1.01
75,1942,2024-09-25,2024-09-29,2984,Credit,432.05,0.93
76,1950,2024-06-13,2024-06-16,2959,Debit,260.43,1.01
77,2570,2024-05-27,2024-05-30,2328,Credit,71.0,1.09
78,1650,2024-12-04,2024-12-08,2848,Credit,174.52,1.08
79,1114,2024-11-22,2024-11-25,2282,Debit,108.51,0.98
80,2588,2024-10-31,2024-11-01,2085,Credit,122.06,0.91
81,2654,2024-07-15,2024-07-19,2507,Credit,351.11,1.0
82,2610,2024-10-03,2024-10-07,2996,Credit,367.58,0.91
83,2020,2024-03-31,2024-04-02,2395,Credit,275.39,0.99
84,1270,2024-07-20,2024-07-23,2386,Credit,153.33,0.93
85,1268,2024-09-25,2024-09-26,2376,Credit,157.75,1.02
86,1562,2024-03-21,2024-03-25,2477,Debit,462.93,0.91
87,1084,2024-02-12,2024-02-13,2840,Debit,134.62,0.95
88,1429,2024-03-17,2024-03-18,2360,Debit,177.85,0.9
89,1217,2024-08-22,2024-08-26,2740,Debit,73.76,0.92
90,1008,2024-10-05,2024-10-06,2401,Debit,324.98,0.92
91,1851,2024-10-17,2024-10-19,2875,Credit,338.53,0.97
92,1085,2024-02-04,2024-02-08,2189,Debit,324.15,0.99
93,1536,2024-10-16,2024-10-19,2447,Debit,134.83,1.06
94,2449,2024-02-28,2024-03-01,2102,Debit,131.81,1.03
95,1376,2024-06-12,2024-06-14,2441,Credit,361.24,1.09
96,1516,2024-10-12,2024-10-13,2164,Credit,325.97,1.04
97,2492,2024-03-07,2024-03-10,2149,Credit,388.87,0.96
98,1908,2024-06-17,2024-06-18,2844,Debit,490.87,1.04
99,2408,2024-08-31,2024-09-02,2571,Debit,220.77,1.02
100,2860,2024-09-26,2024-09-30,2556,Debit,51.59,1.01
101,2164,2024-06-16,2024-06-17,2810,Credit,211.42,0.96
102,1441,2024-01-24,2024-01-26,2822,Debit,441.5,1.0
103,2237,2024-07-26,2024-07-28,2418,Debit,29.19,0.94
104,1976,2024-02-20,2024-02-22,2308,Debit,393.32,0.93
105,1135,2024-08-14,2024-08-15,2450,Debit,279.14,0.95
106,1263,2024-09-22,2024-09-25,2036,Credit,461.87,0.95
107,2984,2024-09-06,2024-09-09,2493,Credit,46.51,1.0
108,1319,2024-07-27,2024-07-31,2708,Debit,406.17,0.93
109,2001,2024-04-23,2024-04-24,2499,Credit,389.98,0.94
110,2186,2024-03-10,2024-03-12,2040,Credit,111.52,0.97
111,2126,2024-01-27,2024-01-31,2878,Credit,489.12,0.9
112,1485,2024-09-15,2024-09-18,2899,Debit,61.87,1.08
113,2954,2024-05-14,2024-05-16,2931,Debit,436.08,1.03
114,1036,2024-03-23,2024-03-25,2467,Debit,107.85,0.91
115,2730,2024-03-27,2024-03-28,2701,Debit,128.73,1.0
116,2030,2024-02-05,2024-02-06,2270,Credit,276.46,0.99
117,1129,2024-02-16,2024-02-18,2858,Debit,422.45,1.05
118,1737,2024-08-25,2024-08-26,2274,Debit,339.53,1.03
119,1838,2024-05-09,2024-05-11,2232,Credit,74.7,1.08
120,1555,2024-05-02,2024-05-03,2121,Debit,274.78,0.95
121,2973,2024-10-04,2024-10-05,2577,Credit,348.72,0.9
122,1898,2024-05-28,2024-05-30,2510,Debit,205.17,0.94
123,1203,2024-11-07,2024-11-08,2600,Credit,113.87,0.97
124,2544,2024-09-29,2024-10-01,2907,Credit,367.16,0.94
125,1271,2024-12-25,2024-12-27,2350,Debit,58.36,1.0
126,2831,2024-05-13,2024-05-17,2122,Debit,72.59,1.05
127,2710,2024-07-16,2024-07-17,2610,Debit,24.0,1.02
128,1287,2024-09-15,2024-09-16,2691,Debit,19.55,0.9
129,2146,2024-03-20,2024-03-22,2916,Debit,174.26,0.93
130,1434,2024-08-09,2024-08-12,2351,Debit,26.25,0.92
131,2747,2024-12-16,2024-12-20,2904,Debit,439.15,0.91
132,1160,2024-01-28,2024-01-31,2528,Debit,198.01,0.91
133,1509,2024-01-15,2024-01-17,2872,Debit,457.35,1.01
134,1773,2024-02-29,2024-03-02,2681,Credit,218.77,1.04
135,2117,2024-08-03,2024-08-05,2113,Debit,296.44,0.92
136,1688,2024-06-11,2024-06-13,2126,Debit,497.78,1.03
137,1250,2024-12-24,2024-12-26,2399,Credit,440.66,0.92
138,2489,2024-07-04,2024-07-05,2883,Debit,322.55,0.99
139,1581,2024-06-20,2024-06-23,2985,Debit,470.63,1.06
140,1995,2024-04-12,2024-04-16,2400,Debit,119.74,1.05
141,2602,2024-12-31,2025-01-02,2381,Debit,181.75,1.02
142,2523,2024-11-25,2024-11-26,2257,Credit,403.06,1.01
143,2280,2024-09-18,2024-09-19,2033,Debit,490.94,1.03
144,1127,2024-11-30,2024-12-01,2412,Debit,277.47,1.05
145,2119,2024-04-17,2024-04-21,2699,Credit,145.19,0.94
146,2583,2024-04-06,2024-04-07,2491,Debit,422.3,1.08
147,2802,2024-05-20,2024-05-24,2188,Credit,108.68,0.98
148,1613,2024-02-05,2024-02-07,2076,Debit,404.52,1.09
149,2331,2024-12-08,2024-12-10,2401,Credit,338.2,1.03
150,1970,2024-12-13,2024-12-15,2045,Credit,333.73,0.91
151,1396,2024-09-03,2024-09-05,2982,Credit,352.85,0.96
152,2105,2024-07-06,2024-07-08,2190,Debit,161.41,0.94
153,1308,2024-02-17,2024-02-21,2635,Credit,148.91,0.94
154,1998,2024-05-31,2024-06-02,2546,Debit,392.23,0.92
155,2819,2024-03-01,2024-03-03,2913,Debit,369.31,1.03
156,2628,2024-01-08,2024-01-09,2458,Credit,321.48,0.99
157,1840,2024-09-15,2024-09-18,2168,Debit,138.47,1.06
158,2411,2024-10-11,2024-10-13,2402,Debit,236.58,0.92
159,2287,2024-10-27,2024-10-30,2579,Credit,480.53,1.05
160,1167,2024-06-03,2024-06-06,2561,Debit,408.81,0.96
161,1078,2024-01-19,2024-01-22,2004,Debit,357.59,0.95
162,2960,2024-11-14,2024-11-15,2371,Debit,363.09,0.91
163,2059,2024-10-28,2024-10-30,2714,Credit,479.74,1.01
164,1171,2024-05-26,2024-05-29,2302,Credit,188.17,1.06
165,1194,2024-05-10,2024-05-11,2914,Debit,265.04,0.94
166,1228,2024-07-28,2024-08-01,2751,Debit,435.44,1.02
167,2745,2024-03-25,2024-03-26,2324,Debit,463.79,1.07
168,2151,2024-11-17,2024-11-19,2789,Credit,175.89,1.0
169,2591,2024-08-10,2024-08-14,2659,Credit,475.21,0.91
170,1130,2024-06-15,2024-06-19,2921,Debit,124.25,0.98
171,1101,2024-03-08,2024-03-11,2556,Debit,19.46,1.03
172,2712,2024-10-30,2024-11-03,2869,Debit,382.72,1.07
173,2442,2024-12-31,2025-01-04,2778,Debit,368.34,0.97
174,2353,2024-09-17,2024-09-18,2912,Credit,432.68,0.93
175,1559,2024-07-02,2024-07-03,2450,Debit,357.07,0.94
176,1163,2024-11-13,2024-11-15,2818,Credit,22.88,1.02
177,1044,2024-08-06,2024-08-08,2331,Debit,42.41,1.05
178,1469,2024-02-20,2024-02-22,2831,Debit,264.4,0.93
179,1331,2024-03-29,2024-04-02,2076,Debit,180.27,1.01
180,1198,2024-08-28,2024-09-01,2646,Credit,425.97,1.05
181,1972,2024-09-15,2024-09-17,2013,Debit,125.63,1.06
182,2024,2024-12-24,2024-12-28,2518,Debit,121.43,1.07
183,1875,2024-12-17,2024-12-18,2927,Credit,71.35,1.04
184,2559,2024-11-20,2024-11-21,2807,Debit,348.59,0.91
185,2473,2024-11-02,2024-11-05,2440,Debit,288.53,0.94
186,1861,2024-01-24,2024-01-26,2621,Credit,462.17,0.97
187,1754,2024-08-09,2024-08-11,2758,Debit,144.29,1.09
188,1166,2024-04-26,2024-04-29,2905,Credit,404.59,0.93
189,1801,2024-04-18,2024-04-19,2901,Credit,302.94,1.06
190,1226,2024-06-17,2024-06-18,2570,Credit,473.18,1.03
191,1111,2024-04-14,2024-04-18,2203,Credit,218.31,1.07
192,2533,2024-11-04,2024-11-07,2624,Credit,69.1,1.05
193,1536,2024-02-15,2024-02-19,2121,Credit,188.54,0.91
194,2526,2024-02-04,2024-02-08,2384,Credit,128.69,1.1
195,2602,2024-12-20,2024-12-24,2180,Debit,346.44,0.92
196,1766,2024-02-22,2024-02-26,2582,Debit,333.09,1.06
197,1550,2024-10-13,2024-10-15,2211,Debit,491.12,0.92
198,1674,2024-03-19,2024-03-21,2154,Debit,190.97,1.05
199,1362,2024-07-20,2024-07-21,2385,Debit,376.66,0.93
200,2588,2024-04-01,2024-04-03,2768,Debit,477.53,1.04
201,2835,2024-08-17,2024-08-18,2953,Debit,297.03,0.96
202,1565,2024-05-06,2024-05-10,2333,Credit,301.71,1.09
203,2794,2024-08-25,2024-08-28,2888,Credit,421.52,0.97
204,1214,2024-04-16,2024-04-17,2445,Credit,143.43,0.98
205,2109,2024-05-02,2024-05-05,2360,Credit,350.55,1.06
206,2104,2024-01-11,2024-01-13,2161,Debit,115.08,1.07
207,1476,2024-06-11,2024-06-14,2064,Credit,309.11,1.06
208,2758,2024-03-18,2024-03-19,2882,Credit,316.45,0.92
209,2785,2024-06-14,2024-06-16,2865,Credit,430.94,1.02
210,1747,2024-01-21,2024-01-25,2141,Debit,283.24,1.08
211,2640,2024-06-28,2024-06-30,2290,Debit,452.75,1.04
212,2919,2024-01-23,2024-01-27,2035,Credit,441.16,1.0
213,1973,2024-02-06,2024-02-09,2602,Debit,300.15,1.08
214,2774,2024-11-10,2024-11-13,2289,Credit,179.56,0.96
215,2786,2024-08-20,2024-08-21,2802,Credit,378.8,0.96
216,1054,2024-08-09,2024-08-10,2208,Credit,154.3,0.98
217,1237,2024-04-22,2024-04-24,2656,Debit,125.67,0.98
218,2429,2024-10-22,2024-10-23,2026,Credit,219.5,0.93
219,1224,2024-11-25,2024-11-27,2790,Credit,494.5,1.0
220,2638,2024-05-09,2024-05-13,2173,Debit,138.29,0.93
221,1190,2024-01-05,2024-01-06,2433,Credit,384.31,0.98
222,1571,2024-03-08,2024-03-12,2593,Debit,296.39,1.06
223,2503,2024-01-18,2024-01-22,2980,Debit,284.55,1.09
224,1080,2024-10-07,2024-10-09,2587,Credit,492.85,0.94
225,2701,2024-03-05,2024-03-09,2041,Credit,140.39,1.08
226,1018,2024-02-21,2024-02-24,2240,Debit,485.6,1.02
227,1207,2024-01-02,2024-01-04,2467,Credit,345.79,0.97
228,2740,2024-09-16,2024-09-17,2427,Credit,126.52,1.09
229,2908,2024-12-13,2024-12-14,2901,Credit,69.72,0.93
230,2400,2024-03-18,2024-03-21,2946,Credit,206.08,1.01
231,1781,2024-08-29,2024-09-02,2846,Credit,246.32,1.06
232,1648,2024-04-13,2024-04-15,2319,Debit,417.97,1.0
233,2709,2024-10-30,2024-10-31,2875,Credit,158.34,1.09
234,1486,2024-06-16,2024-06-17,2234,Credit,382.03,1.07
235,2845,2024-12-25,2024-12-29,2749,Credit,111.76,1.0
236,1670,2024-05-10,2024-05-14,2907,Debit,389.87,1.02
237,1834,2024-08-31,2024-09-01,2371,Debit,252.59,0.95
238,1288,2024-02-17,2024-02-18,2520,Debit,266.19,0.93
239,2211,2024-07-18,2024-07-20,2580,Debit,311.08,1.07
240,1339,2024-08-26,2024-08-30,2237,Debit,337.35,0.95
241,2303,2024-09-06,2024-09-09,2907,Credit,190.08,1.0
242,1174,2024-05-11,2024-05-15,2334,Credit,67.75,0.96
243,2217,2024-12-20,2024-12-23,2562,Credit,343.17,1.09
244,2479,2024-12-05,2024-12-09,2140,Debit,276.36,1.09
245,2408,2024-11-26,2024-11-28,2861,Debit,38.12,1.1
246,1673,2024-12-04,2024-12-08,2829,Credit,455.18,0.9
247,2865,2024-06-20,2024-06-22,2023,Credit,219.95,1.01
248,1143,2024-02-03,2024-02-05,2172,Debit,114.95,0.98
249,1581,2024-01-31,2024-02-04,2767,Credit,236.08,1.08
250,1923,2024-04-23,2024-04-26,2159,Debit,53.98,1.03
251,1930,2024-08-14,2024-08-16,2595,Credit,47.45,0.93
252,1974,2024-07-10,2024-07-12,2689,Debit,43.18,0.94
253,2369,2024-06-07,2024-06-11,2856,Credit,223.91,0.92
254,2068,2024-06-07,2024-06-11,2289,Credit,105.74,0.95
255,1492,2024-07-15,2024-07-16,2631,Debit,359.36,0.9
256,1501,2024-11-12,2024-11-13,2965,Credit,279.27,0.97
257,2120,2024-04-15,2024-04-17,2783,Credit,210.99,1.09
258,1043,2024-06-30,2024-07-04,2232,Debit,60.4,1.06
259,2459,2024-01-10,2024-01-12,2932,Debit,183.69,1.06
260,2057,2024-09-15,2024-09-16,2490,Credit,489.52,1.03
261,1327,2024-02-28,2024-02-29,2052,Credit,104.99,1.09
262,2817,2024-07-12,2024-07-15,2317,Debit,180.66,0.93
263,2270,2024-07-19,2024-07-23,2919,Debit,362.17,1.08
264,1751,2024-09-25,2024-09-27,2039,Credit,487.01,0.98
265,2858,2024-05-21,2024-05-22,2140,Credit,178.08,1.09
266,2506,2024-03-15,2024-03-17,2558,Debit,343.89,0.97
267,2148,2024-06-13,2024-06-15,2038,Debit,360.22,0.96
268,1072,2024-04-07,2024-04-10,2450,Credit,390.57,1.01
269,2190,2024-02-28,2024-03-03,2743,Credit,400.1,0.9
270,2850,2024-04-18,2024-04-22,2581,Credit,347.46,1.01
271,1282,2024-07-29,2024-08-01,2245,Credit,468.99,0.9
272,2494,2024-06-01,2024-06-05,2075,Debit,340.0,1.04
273,2677,2024-06-07,2024-06-10,2594,Debit,214.54,0.95
274,2299,2024-03-15,2024-03-19,2828,Credit,464.57,0.97
275,1542,2024-08-08,2024-08-09,2163,Debit,219.08,1.05
276,1064,2024-12-23,2024-12-25,2016,Debit,387.42,1.09
277,2733,2024-09-09,2024-09-13,2055,Debit,156.86,0.9
278,1023,2024-06-11,2024-06-12,2112,Credit,325.29,0.96
279,1546,2024-12-30,2025-01-03,2878,Credit,99.23,0.99
280,1273,2024-01-09,2024-01-13,2998,Debit,249.5,1.07
281,1307,2024-04-03,2024-04-04,2669,Credit,22.79,1.08
282,2965,2024-10-22,2024-10-25,2849,Credit,23.72,1.01
283,2233,2024-09-01,2024-09-04,2061,Credit,372.47,0.97
284,2831,2024-01-26,2024-01-27,2326,Credit,105.05,1.0
285,2607,2024-06-03,2024-06-06,2895,Credit,435.43,1.05
286,2713,2024-03-29,2024-03-30,2127,Debit,440.21,1.06
287,2558,2024-08-26,2024-08-29,2741,Debit,293.72,1.04
288,2793,2024-07-31,2024-08-02,2843,Debit,328.81,1.03
289,2294,2024-02-01,2024-02-03,2405,Credit,410.78,1.08
290,1782,2024-09-24,2024-09-28,2379,Credit,183.27,0.94
291,2153,2024-02-24,2024-02-25,2552,Credit,81.28,1.07
292,1067,2024-07-17,2024-07-20,2960,Debit,422.43,0.98
293,1498,2024-11-12,2024-11-16,2150,Credit,413.9,1.04
294,1729,2024-04-19,2024-04-21,2587,Debit,50.94,1.09
295,2720,2024-06-13,2024-06-14,2959,Credit,370.08,0.96
296,1319,2024-05-30,2024-05-31,2730,Debit,355.28,0.94
297,1487,2024-02-08,2024-02-10,2224,Debit,61.27,0.97
298,1895,2024-04-26,2024-04-28,2352,Credit,349.78,0.95
299,1465,2024-08-25,2024-08-26,2123,Credit,393.3,0.92
300,2980,2024-04-30,2024-05-04,2426,Credit,139.1,1.04
301,1589,2024-05-19,2024-05-23,2279,Credit,245.68,0.95
302,2276,2024-02-04,2024-02-08,2698,Credit,270.04,1.09
303,1866,2024-11-16,2024-11-18,2319,Credit,219.83,0.96
304,2100,2024-07-09,2024-07-13,2573,Debit,369.64,1.07
305,1029,2024-03-22,2024-03-24,2962,Credit,154.95,1.06
306,1589,2024-08-27,2024-08-30,2319,Debit,161.05,0.97
307,1408,2024-12-21,2024-12-22,2520,Credit,370.89,0.97
308,2714,2024-11-08,2024-11-12,2690,Debit,422.27,0.93
309,1228,2024-06-22,2024-06-26,2997,Credit,411.46,0.92
310,2756,2024-06-16,2024-06-17,2283,Debit,116.06,1.03
311,1553,2024-06-07,2024-06-11,2081,Debit,333.31,1.03
312,2460,2024-03-02,2024-03-06,2452,Credit,385.22,1.08
313,2655,2024-03-18,2024-03-21,2497,Debit,188.43,0.95
314,1243,2024-03-07,2024-03-08,2049,Debit,319.1,0.93
315,1319,2024-01-30,2024-02-03,2728,Credit,261.37,0.91
316,1470,2024-08-20,2024-08-23,2819,Credit,255.68,1.01
317,1848,2024-09-14,2024-09-17,2883,Debit,94.2,1.07
318,1369,2024-07-23,2024-07-25,2792,Credit,197.02,1.08
319,2018,2024-11-11,2024-11-15,2195,Debit,458.63,1.06
320,2529,2024-09-19,2024-09-20,2323,Credit,389.39,1.1
321,1434,2024-03-22,2024-03-26,2829,Credit,404.75,1.04
322,1300,2024-03-01,2024-03-02,2384,Debit,167.42,0.95
323,1775,2024-12-02,2024-12-05,2345,Debit,148.47,1.02
324,2510,2024-07-11,2024-07-14,2475,Credit,193.86,0.9
325,2670,2024-01-22,2024-01-25,2442,Credit,445.62,1.04
326,2477,2024-02-15,2024-02-18,2771,Debit,226.13,1.07
327,1428,2024-05-06,2024-05-10,2591,Credit,369.82,0.94
328,2685,2024-04-25,2024-04-29,2344,Credit,51.95,0.96
329,1710,2024-06-05,2024-06-09,2375,Debit,242.18,1.0
330,1602,2024-01-12,2024-01-13,2229,Credit,466.19,0.96
331,2679,2024-12-10,2024-12-14,2423,Debit,251.96,0.9
332,1507,2024-12-09,2024-12-10,2284,Debit,25.11,0.92
333,1226,2024-04-24,2024-04-28,2909,Credit,265.9,0.98
334,2865,2024-10-18,2024-10-19,2410,Debit,384.19,1.08
335,2948,2024-05-11,2024-05-13,2092,Credit,119.82,1.1
336,1771,2024-02-19,2024-02-20,2690,Debit,125.91,0.94
337,2671,2024-06-05,2024-06-06,2828,Credit,413.93,1.03
338,2033,2024-11-07,2024-11-08,2689,Debit,197.7,1.05
339,2149,2024-09-03,2024-09-07,2254,Credit,210.25,0.93
340,2759,2024-08-23,2024-08-25,2610,Debit,490.04,1.04
341,1771,2024-03-09,2024-03-13,2234,Credit,488.95,1.06
342,1390,2024-10-06,2024-10-09,2763,Debit,499.97,1.02
343,1590,2024-03-01,2024-03-05,2437,Debit,448.76,0.99
344,2288,2024-01-27,2024-01-29,2221,Debit,343.01,1.0
345,2607,2024-07-29,2024-08-01,2686,Credit,146.22,1.09
346,2378,2024-07-20,2024-07-23,2932,Debit,456.26,1.0
347,2067,2024-01-16,2024-01-19,2344,Debit,345.27,1.09
348,1208,2024-02-29,2024-03-03,2885,Debit,141.56,1.02
349,2592,2024-10-29,2024-10-30,2201,Credit,177.83,0.95
350,1231,2024-08-20,2024-08-21,2204,Debit,413.62,0.97
351,1456,2024-05-11,2024-05-12,2840,Debit,289.01,0.97
352,1302,2024-06-15,2024-06-18,2975,Credit,153.07,1.0
353,2042,2024-09-03,2024-09-07,2094,Credit,229.14,0.97
354,1511,2024-04-18,2024-04-20,2929,Credit,484.37,0.99
355,2238,2024-08-19,2024-08-22,2443,Credit,269.17,0.94
356,1197,2024-03-27,2024-03-29,2504,Debit,428.15,0.92
357,1088,2024-02-23,2024-02-24,2707,Credit,116.5,1.04
358,2843,2024-04-19,2024-04-23,2192,Credit,374.33,1.02
359,1634,2024-11-06,2024-11-10,2541,Debit,180.59,1.03
360,1322,2024-12-27,2024-12-29,2116,Debit,338.48,1.03
361,2145,2024-01-31,2024-02-03,2991,Credit,60.4,0.99
362,2453,2024-07-26,2024-07-30,2592,Debit,326.38,1.01
363,1342,2024-12-28,2024-12-30,2805,Credit,171.17,1.06
364,1387,2024-06-29,2024-07-03,2720,Credit,261.16,1.02
365,1055,2024-12-06,2024-12-07,2527,Debit,41.74,0.99
366,1724,2024-12-28,2024-12-29,2710,Credit,331.42,0.92
367,1345,2024-10-27,2024-10-29,2345,Debit,233.41,1.0
368,2550,2024-10-23,2024-10-27,2657,Debit,21.75,0.99
369,2499,2024-11-29,2024-12-03,2445,Debit,51.85,1.09
370,1401,2024-12-18,2024-12-20,2761,Credit,93.84,0.94
371,2410,2024-03-14,2024-03-16,2316,Credit,429.88,1.0
372,2697,2024-03-02,2024-03-04,2212,Credit,369.9,1.0
373,1545,2024-07-20,2024-07-21,2582,Credit,256.71,0.93
374,2144,2024-02-15,2024-02-18,2684,Debit,320.75,0.97
375,1865,2024-08-27,2024-08-30,2919,Debit,10.68,0.97
376,2935,2024-11-06,2024-11-09,2556,Debit,122.29,1.02
377,1864,2024-09-17,2024-09-21,2878,Debit,313.0,1.02
378,1231,2024-01-08,2024-01-10,2430,Credit,80.37,0.96
379,2943,2024-12-04,2024-12-07,2656,Credit,340.89,0.99
380,2140,2024-05-13,2024-05-17,2928,Credit,427.65,0.96
381,1760,2024-03-12,2024-03-16,2527,Credit,128.81,1.01
382,2156,2024-04-10,2024-04-12,2203,Debit,352.43,1.08
383,1411,2024-05-29,2024-05-31,2572,Credit,462.87,0.91
384,2098,2024-08-31,2024-09-04,2511,Debit,460.92,0.94
385,1804,2024-05-21,2024-05-22,2628,Debit,45.77,0.9
386,2765,2024-08-27,2024-08-30,2881,Debit,205.04,0.94
387,2709,2024-09-09,2024-09-13,2098,Credit,372.94,0.96
388,2611,2024-02-01,2024-02-03,2265,Debit,355.31,1.04
389,2168,2024-02-28,2024-03-02,2035,Credit,339.35,0.99
390,2996,2024-02-26,2024-02-27,2017,Credit,286.1,0.95
391,1817,2024-06-23,2024-06-26,2694,Debit,348.48,0.96
392,2828,2024-11-28,2024-12-02,2908,Debit,464.25,1.09
393,2640,2024-02-22,2024-02-23,2993,Credit,417.29,1.07
394,1177,2024-04-10,2024-04-11,2396,Credit,240.61,0.9
395,2755,2024-06-13,2024-06-17,2007,Credit,364.2,0.98
396,1933,2024-04-16,2024-04-17,2265,Debit,31.69,0.9
397,2401,2024-05-19,2024-05-23,2181,Credit,413.05,1.0
398,2256,2024-07-30,2024-08-02,2857,Debit,230.79,0.97
399,2466,2024-07-25,2024-07-29,2350,Debit,145.16,0.91
400,2215,2024-10-10,2024-10-13,2037,Debit,376.67,0.91
401,1326,2024-06-28,2024-06-29,2279,Credit,402.75,0.92
402,2746,2024-10-08,2024-10-10,2156,Credit,60.75,0.9
403,1126,2024-11-27,2024-11-29,2304,Credit,64.53,1.07
404,1689,2024-08-23,2024-08-25,2198,Credit,203.56,0.97
405,1847,2024-10-15,2024-10-17,2873,Debit,450.22,0.97
406,2376,2024-05-05,2024-05-07,2724,Debit,207.92,0.98
407,2129,2024-11-28,2024-11-30,2490,Credit,280.62,1.0
408,2091,2024-07-30,2024-08-03,2078,Credit,19.45,0.98
409,2632,2024-10-23,2024-10-24,2795,Credit,168.16,0.97
410,2621,2024-02-29,2024-03-04,2266,Credit,396.91,0.93
411,1818,2024-11-24,2024-11-28,2795,Debit,403.25,0.95
412,2316,2024-10-28,2024-11-01,2495,Credit,223.37,0.92
413,2093,2024-01-03,2024-01-07,2150,Debit,29.75,0.91
414,1456,2024-11-15,2024-11-17,2357,Credit,126.31,0.97
415,1506,2024-01-01,2024-01-02,2017,Debit,326.45,0.99
416,2819,2024-05-26,2024-05-30,2111,Credit,237.55,1.05
417,1376,2024-12-05,2024-12-09,2905,Debit,332.55,0.9
418,1023,2024-03-14,2024-03-15,2600,Debit,261.13,1.05
419,2107,2024-11-23,2024-11-26,2014,Debit,237.67,1.0
420,1260,2024-01-15,2024-01-19,2878,Credit,129.86,0.97
421,2696,2024-06-14,2024-06-17,2019,Debit,11.97,0.96
422,1293,2024-10-14,2024-10-15,2858,Debit,467.31,1.04
423,2467,2024-11-14,2024-11-18,2466,Credit,388.55,0.96
424,1595,2024-01-13,2024-01-16,2784,Debit,442.15,0.96
425,1562,2024-03-14,2024-03-16,2594,Debit,17.75,0.9
426,2490,2024-12-02,2024-12-03,2498,Debit,81.45,1.08
427,2797,2024-06-02,2024-06-04,2093,Debit,375.43,0.9
428,2504,2024-06-16,2024-06-20,2750,Credit,128.09,1.08
429,2948,2024-09-12,2024-09-15,2647,Credit,425.81,1.03
430,1193,2024-10-01,2024-10-04,2280,Credit,487.92,0.9
431,2251,2024-07-14,2024-07-18,2376,Debit,27.08,1.08
432,2839,2024-01-31,2024-02-03,2501,Credit,124.61,1.04
433,1545,2024-05-02,2024-05-05,2485,Debit,372.41,1.08
434,2994,2024-10-15,2024-10-17,2068,Credit,392.87,0.97
435,2238,2024-10-09,2024-10-11,2666,Debit,297.55,1.03
436,2063,2024-06-07,2024-06-11,2482,Debit,190.8,0.93
437,2426,2024-06-13,2024-06-17,2811,Credit,290.87,1.01
438,2435,2024-11-01,2024-11-04,2484,Credit,99.2,1.05
439,1910,2024-04-28,2024-04-29,2738,Debit,229.46,0.99
440,1467,2024-05-05,2024-05-07,2512,Credit,119.23,1.07
441,2047,2024-02-07,2024-02-11,2802,Debit,421.89,1.05
442,2010,2024-09-03,2024-09-04,2266,Debit,65.52,1.09
443,1081,2024-01-27,2024-01-29,2105,Credit,146.75,0.95
444,2370,2024-08-13,2024-08-14,2289,Debit,228.13,1.04
445,1865,2024-09-26,2024-09-29,2698,Debit,429.35,1.01
446,1181,2024-02-11,2024-02-12,2018,Credit,323.81,1.09
447,2514,2024-07-06,2024-07-08,2987,Credit,448.1,0.97
448,1664,2024-06-26,2024-06-28,2095,Debit,269.95,1.09
449,2233,2024-02-24,2024-02-25,2131,Debit,208.92,1.06
450,2658,2024-09-07,2024-09-08,2891,Debit,26.64,1.03
451,2438,2024-08-02,2024-08-04,2225,Credit,92.71,0.91
452,2713,2024-03-17,2024-03-19,2191,Credit,110.15,1.08
453,2151,2024-04-24,2024-04-28,2658,Debit,137.47,0.98
454,1478,2024-09-21,2024-09-25,2515,Debit,318.27,1.0
455,1079,2024-11-23,2024-11-26,2158,Credit,135.84,1.03
456,2381,2024-10-27,2024-10-31,2950,Debit,268.48,0.9
457,2411,2024-03-20,2024-03-24,2127,Debit,488.97,0.91
458,2163,2024-05-04,2024-05-06,2161,Debit,384.0,1.07
459,2643,2024-05-20,2024-05-21,2270,Credit,187.53,0.91
460,1531,2024-07-24,2024-07-25,2068,Debit,268.71,0.93
461,2754,2024-07-19,2024-07-20,2855,Credit,54.65,1.02
462,2321,2024-04-16,2024-04-20,2182,Debit,497.82,1.0
463,2342,2024-10-25,2024-10-29,2144,Debit,268.06,0.99
464,1865,2024-03-14,2024-03-16,2370,Debit,280.02,1.03
465,1122,2024-06-17,2024-06-18,2033,Credit,55.79,0.93
466,1704,2024-04-02,2024-04-06,2579,Credit,381.7,1.0
467,1918,2024-06-05,2024-06-08,2384,Debit,287.38,0.99
468,1298,2024-05-18,2024-05-20,2706,Debit,446.81,1.07
469,2628,2024-07-10,2024-07-14,2694,Debit,425.58,0.96
470,1986,2024-11-21,2024-11-25,2673,Credit,256.37,0.91
471,1767,2024-10-01,2024-10-02,2092,Credit,141.64,0.99
472,1267,2024-10-14,2024-10-15,2905,Credit,491.98,1.06
473,1573,2024-07-22,2024-07-26,2158,Debit,403.08,1.05
474,1025,2024-07-21,2024-07-23,2475,Debit,460.17,1.1
475,1763,2024-09-07,2024-09-11,2705,Debit,198.94,0.93
476,2243,2024-10-26,2024-10-30,2788,Debit,242.18,0.96
477,2703,2024-02-13,2024-02-15,2210,Credit,328.08,0.98
478,1689,2024-09-17,2024-09-19,2831,Credit,275.7,0.95
479,2279,2024-07-19,2024-07-23,2990,Credit,141.48,0.91
480,1391,2024-11-06,2024-11-10,2907,Credit,105.85,0.99
481,1702,2024-09-26,2024-09-30,2310,Credit,129.26,0.91
482,1776,2024-12-23,2024-12-24,2572,Debit,348.36,1.0
483,1623,2024-09-01,2024-09-02,2892,Credit,379.62,1.07
484,1487,2024-09-25,2024-09-27,2706,Debit,445.81,0.98
485,1567,2024-07-20,2024-07-23,2697,Credit,153.08,1.03
486,1540,2024-04-18,2024-04-21,2515,Credit,201.09,1.06
487,2591,2024-09-04,2024-09-06,2287,Debit,325.9,1.03
488,2522,2024-02-28,2024-03-03,2919,Credit,425.15,1.0
489,1487,2024-05-18,2024-05-22,2307,Credit,157.57,1.09
490,2253,2024-12-15,2024-12-18,2762,Debit,340.87,1.09
491,1373,2024-04-03,2024-04-05,2619,Debit,185.2,1.07
492,2801,2024-02-14,2024-02-17,2002,Credit,254.33,1.05
493,1674,2024-04-21,2024-04-25,2068,Credit,273.93,0.94
494,2776,2024-05-03,2024-05-05,2935,Debit,424.8,0.96
495,2730,2024-01-14,2024-01-17,2783,Credit,85.65,1.03
496,1877,2024-10-04,2024-10-07,2793,Credit,489.28,0.93
497,1068,2024-05-02,2024-05-06,2992,Debit,248.91,1.07
498,2445,2024-05-10,2024-05-14,2298,Debit,183.08,0.98
499,2770,2024-08-25,2024-08-27,2652,Credit,104.46,1.06
500,1464,2024-07-29,2024-07-30,2397,Debit,174.8,0.93
501,2749,2024-05-30,2024-06-03,2858,Credit,67.1,1.03
502,2578,2024-03-31,2024-04-01,2641,Credit,30.59,0.92
503,1868,2024-12-05,2024-12-07,2256,Debit,80.53,1.01
504,2637,2024-06-29,2024-06-30,2162,Credit,301.55,1.0
505,2089,2024-07-21,2024-07-25,2749,Credit,240.99,1.0
506,1405,2024-07-23,2024-07-25,2301,Credit,216.39,0.97
507,2208,2024-05-12,2024-05-15,2783,Credit,219.73,1.04
508,2173,2024-08-28,2024-08-31,2787,Debit,73.85,1.03
509,2475,2024-07-15,2024-07-16,2117,Credit,187.56,1.06
510,2426,2024-03-23,2024-03-24,2320,Credit,391.24,0.91
511,1888,2024-02-14,2024-02-15,2565,Debit,184.06,0.92
512,2053,2024-06-15,2024-06-16,2158,Debit,196.29,1.05
513,2355,2024-10-11,2024-10-14,2740,Credit,420.99,1.01
514,2631,2024-06-12,2024-06-16,2996,Credit,266.26,0.98
515,1828,2024-01-20,2024-01-22,2169,Debit,279.73,1.09
516,2506,2024-03-16,2024-03-20,2989,Debit,239.29,1.07
517,2463,2024-05-07,2024-05-11,2086,Debit,254.32,1.06
518,2499,2024-04-27,2024-04-29,2454,Credit,334.91,0.98
519,1502,2024-11-29,2024-12-01,2577,Credit,302.55,1.05
520,1689,2024-06-17,2024-06-21,2866,Debit,314.31,0.91
521,1203,2024-09-10,2024-09-11,2525,Credit,404.49,0.98
522,2787,2024-04-04,2024-04-08,2347,Debit,21.68,0.94
523,1438,2024-11-05,2024-11-08,2092,Credit,250.52,1.02
524,2736,2024-09-17,2024-09-18,2704,Credit,273.52,1.02
525,2206,2024-12-14,2024-12-17,2592,Credit,289.84,1.05
526,2431,2024-07-31,2024-08-04,2184,Credit,148.43,0.97
527,2338,2024-05-13,2024-05-17,2216,Credit,282.15,0.96
528,1601,2024-09-20,2024-09-22,2010,Credit,361.31,0.95
529,1473,2024-05-26,2024-05-27,2637,Credit,80.42,1.08
530,1466,2024-05-25,2024-05-26,2243,Debit,436.67,0.91
531,1893,2024-05-25,2024-05-26,2376,Debit,116.49,0.91
532,1209,2024-04-16,2024-04-19,2694,Debit,321.35,0.96
533,2192,2024-05-12,2024-05-13,2422,Debit,384.52,0.94
534,2740,2024-05-21,2024-05-22,2736,Debit,149.52,1.03
535,1614,2024-06-02,2024-06-06,2957,Debit,367.11,1.06
536,1150,2024-10-18,2024-10-20,2108,Credit,82.62,1.0
537,2384,2024-01-18,2024-01-22,2459,Credit,387.04,1.05
538,1452,2024-11-15,2024-11-17,2564,Credit,426.88,1.01
539,2806,2024-02-08,2024-02-12,2717,Credit,405.86,0.97
540,1145,2024-10-29,2024-11-02,2422,Credit,163.33,1.04
541,2868,2024-09-30,2024-10-03,2052,Debit,144.32,0.91
542,2106,2024-03-22,2024-03-25,2071,Credit,43.0,0.97
543,1995,2024-10-18,2024-10-19,2660,Debit,120.89,1.1
544,1454,2024-05-15,2024-05-16,2917,Debit,455.89,0.99
545,2876,2024-01-24,2024-01-28,2967,Credit,445.07,1.07
546,1313,2024-10-23,2024-10-27,2761,Debit,430.3,1.03
547,2342,2024-02-25,2024-02-27,2410,Debit,38.57,1.09
548,1244,2024-03-14,2024-03-17,2282,Credit,492.87,1.07
549,1898,2024-07-26,2024-07-27,2213,Debit,94.88,0.92
550,2320,2024-07-11,2024-07-12,2969,Debit,474.28,1.06
551,1090,2024-03-27,2024-03-31,2564,Debit,253.21,1.0
552,1114,2024-04-19,2024-04-21,2564,Debit,26.73,0.98
553,1970,2024-01-09,2024-01-12,2305,Credit,431.82,1.09
554,1823,2024-11-04,2024-11-05,2004,Credit,340.01,0.92
555,2823,2024-11-16,2024-11-19,2272,Credit,401.24,1.02
556,1510,2024-04-25,2024-04-26,2888,Credit,149.57,0.92
557,2341,2024-04-29,2024-05-03,2372,Debit,71.01,1.05
558,2277,2024-10-15,2024-10-19,2535,Credit,470.1,1.03
559,2777,2024-04-29,2024-04-30,2878,Debit,71.84,0.96
560,2229,2024-10-15,2024-10-17,2866,Credit,240.63,1.0
561,1483,2024-08-02,2024-08-04,2246,Debit,438.5,0.91
562,2289,2024-03-16,2024-03-19,2710,Credit,153.45,0.94
563,1206,2024-01-15,2024-01-17,2730,Credit,304.36,0.96
564,1822,2024-05-27,2024-05-29,2480,Debit,426.59,0.95
565,2417,2024-12-16,2024-12-19,2959,Credit,204.81,0.96
566,1316,2024-09-26,2024-09-27,2037,Debit,48.05,0.98
567,2837,2024-06-30,2024-07-03,2668,Credit,379.97,0.9
568,1881,2024-01-26,2024-01-28,2774,Credit,98.15,1.0
569,1806,2024-12-19,2024-12-22,2408,Debit,321.85,0.98
570,2361,2024-06-22,2024-06-23,2072,Debit,309.96,1.0
571,2134,2024-02-16,2024-02-17,2418,Debit,66.37,1.07
572,1564,2024-11-23,2024-11-25,2126,Debit,369.53,0.94
573,2974,2024-03-24,2024-03-26,2042,Debit,62.93,0.9
574,2017,2024-01-25,2024-01-28,2603,Credit,53.61,1.03
575,2454,2024-07-22,2024-07-24,2343,Debit,246.68,0.97
576,2595,2024-05-24,2024-05-27,2233,Credit,414.3,1.1
577,1477,2024-01-25,2024-01-28,2361,Credit,476.1,0.95
578,1782,2024-11-08,2024-11-09,2320,Debit,125.08,1.07
579,1622,2024-01-05,2024-01-08,2083,Credit,122.22,1.08
580,1608,2024-04-13,2024-04-17,2558,Debit,257.76,0.98
581,2568,2024-07-30,2024-07-31,2821,Debit,446.06,1.08
582,2361,2024-10-29,2024-10-31,2141,Debit,411.12,0.9
583,2205,2024-08-14,2024-08-16,2337,Credit,426.29,1.01
584,1852,2024-01-23,2024-01-27,2049,Debit,220.23,0.92
585,1722,2024-07-04,2024-07-06,2786,Debit,99.93,1.01
586,2305,2024-01-15,2024-01-16,2965,Credit,486.89,0.99
587,1605,2024-07-01,2024-07-05,2919,Credit,448.17,0.94
588,1475,2024-05-09,2024-05-11,2618,Debit,106.23,0.96
589,2759,2024-10-04,2024-10-08,2547,Credit,183.94,1.04
590,2920,2024-11-04,2024-11-08,2513,Credit,240.66,0.95
591,1986,2024-07-11,2024-07-14,2795,Credit,390.43,1.05
592,1189,2024-02-27,2024-03-02,2461,Credit,212.08,0.95
593,2914,2024-01-09,2024-01-13,2521,Credit,114.57,0.99
594,2355,2024-07-31,2024-08-03,2949,Debit,74.43,0.91
595,2412,2024-08-28,2024-08-30,2327,Credit,119.5,1.07
596,1567,2024-02-24,2024-02-25,2604,Credit,10.66,1.02
597,1758,2024-03-25,2024-03-28,2243,Credit,311.08,1.0
598,2099,2024-02-28,2024-03-01,2220,Credit,440.8,0.95
599,1382,2024-12-02,2024-12-04,2405,Debit,187.67,0.94
600,2438,2024-06-16,2024-06-18,2643,Debit,462.39,1.09
601,2386,2024-04-11,2024-04-14,2773,Debit,442.08,1.01
602,2432,2024-01-01,2024-01-03,2530,Credit,461.6,1.01
603,1760,2024-11-28,2024-11-29,2147,Debit,21.33,1.07
604,1040,2024-09-23,2024-09-27,2654,Debit,227.19,1.08
605,1819,2024-03-14,2024-03-17,2597,Debit,40.79,0.99
606,2807,2024-04-25,2024-04-27,2746,Credit,273.71,0.91
607,1798,2024-02-20,2024-02-22,2167,Debit,283.26,1.02
608,2773,2024-09-11,2024-09-12,2096,Credit,19.29,1.03
609,2205,2024-07-16,2024-07-20,2991,Debit,472.67,1.02
610,1265,2024-04-06,2024-04-10,2866,Credit,232.17,1.07
611,1042,2024-07-29,2024-07-30,2140,Credit,19.86,0.93
612,1291,2024-10-05,2024-10-07,2808,Debit,415.62,1.06
613,1945,2024-02-17,2024-02-21,2005,Credit,448.44,0.96
614,2413,2024-06-15,2024-06-19,2165,Debit,25.99,1.02
615,1237,2024-03-18,2024-03-22,2456,Debit,221.91,0.91
616,1164,2024-07-12,2024-07-15,2433,Debit,292.83,0.92
617,2386,2024-09-18,2024-09-21,2689,Credit,207.58,1.04
618,1431,2024-01-16,2024-01-18,2681,Debit,45.93,0.99
619,2940,2024-04-05,2024-04-07,2760,Credit,319.42,1.0
620,2165,2024-09-20,2024-09-22,2959,Debit,268.22,1.06
621,1378,2024-09-30,2024-10-01,2651,Debit,396.03,1.09
622,2137,2024-08-20,2024-08-21,2294,Debit,370.01,0.93
623,1322,2024-08-08,2024-08-12,2106,Debit,470.0,0.97
624,1880,2024-02-05,2024-02-08,2110,Credit,202.2,1.06
625,2929,2024-02-23,2024-02-25,2427,Debit,140.35,0.92
626,2061,2024-03-26,2024-03-30,2062,Credit,173.46,1.0
627,1609,2024-12-04,2024-12-06,2294,Credit,481.83,1.06
628,1476,2024-06-22,2024-06-23,2132,Credit,283.67,1.07
629,2503,2024-09-21,2024-09-22,2314,Debit,66.28,1.04
630,2279,2024-03-18,2024-03-22,2027,Credit,171.12,1.06
631,1512,2024-08-16,2024-08-19,2726,Debit,458.03,0.99
632,2828,2024-08-21,2024-08-22,2267,Debit,204.82,1.08
633,1302,2024-12-03,2024-12-07,2422,Debit,285.64,1.08
634,2490,2024-01-27,2024-01-30,2775,Debit,261.12,0.95
635,1041,2024-03-06,2024-03-07,2095,Debit,195.67,0.94
636,2221,2024-09-06,2024-09-08,2704,Debit,289.49,0.92
637,1369,2024-04-14,2024-04-15,2231,Debit,490.58,1.06
638,2352,2024-10-13,2024-10-17,2646,Credit,169.01,0.96
639,1715,2024-01-17,2024-01-20,2430,Debit,62.93,0.99
640,1806,2024-05-19,2024-05-20,2564,Credit,76.33,0.99
641,2603,2024-03-29,2024-03-30,2665,Credit,388.17,0.91
642,2067,2024-01-12,2024-01-14,2226,Credit,388.69,1.01
643,1346,2024-06-01,2024-06-02,2877,Debit,166.8,1.1
644,2858,2024-09-15,2024-09-19,2508,Credit,464.02,0.91
645,1313,2024-06-11,2024-06-15,2272,Credit,27.33,1.05
646,2351,2024-02-17,2024-02-19,2599,Debit,384.83,0.98
647,2247,2024-10-08,2024-10-10,2254,Credit,439.47,0.97
648,1756,2024-10-10,2024-10-12,2701,Debit,55.9,1.03
649,2473,2024-11-17,2024-11-19,2048,Credit,311.1,1.07
650,1203,2024-07-28,2024-08-01,2161,Debit,254.52,0.96
651,1058,2024-05-21,2024-05-25,2881,Debit,167.01,1.08
652,1742,2024-06-10,2024-06-11,2160,Debit,437.54,0.91
653,1520,2024-03-06,2024-03-10,2051,Credit,310.1,1.02
654,1301,2024-11-01,2024-11-05,2971,Credit,114.04,1.04
655,1425,2024-07-20,2024-07-23,2528,Credit,27.87,0.96
656,2245,2024-09-22,2024-09-24,2060,Credit,305.45,1.03
657,1841,2024-04-26,2024-04-30,2755,Credit,121.13,1.08
658,1911,2024-05-10,2024-05-13,2992,Debit,424.44,0.95
659,2207,2024-12-12,2024-12-15,2216,Debit,106.39,0.94
660,2973,2024-02-18,2024-02-20,2330,Debit,169.96,0.95
661,1390,2024-11-09,2024-11-13,2520,Credit,98.71,1.08
662,2473,2024-05-18,2024-05-20,2998,Credit,152.29,0.91
663,2708,2024-08-07,2024-08-11,2769,Debit,476.54,1.06
664,1133,2024-02-02,2024-02-04,2824,Debit,309.5,1.09
665,1706,2024-06-30,2024-07-03,2481,Debit,252.78,1.04
666,2862,2024-08-06,2024-08-10,2759,Credit,212.82,1.05
667,2350,2024-01-03,2024-01-07,2527,Credit,428.27,1.08
668,2798,2024-09-04,2024-09-08,2747,Credit,122.99,0.96
669,1634,2024-06-13,2024-06-17,2584,Debit,17.14,1.09
670,1392,2024-01-14,2024-01-17,2923,Debit,259.96,0.92
671,2401,2024-03-03,2024-03-04,2243,Credit,156.4,0.92
672,2293,2024-12-18,2024-12-22,2843,Credit,96.35,1.09
673,1883,2024-09-11,2024-09-13,2605,Credit,64.12,0.91
674,1680,2024-06-08,2024-06-12,2672,Credit,469.8,0.98
675,1467,2024-01-31,2024-02-01,2420,Debit,281.54,0.96
676,2930,2024-10-01,2024-10-05,2958,Credit,381.47,1.0
677,1513,2024-11-11,2024-11-15,2101,Credit,345.75,1.07
678,2690,2024-01-19,2024-01-20,2012,Debit,18.93,1.08
679,2890,2024-02-23,2024-02-27,2217,Credit,418.33,1.07
680,2210,2024-05-30,2024-05-31,2882,Debit,50.02,1.0
681,1150,2024-03-05,2024-03-06,2212,Credit,493.18,0.99
682,1049,2024-02-29,2024-03-02,2507,Credit,450.99,0.97
683,2815,2024-03-09,2024-03-12,2360,Debit,458.36,1.02
684,1734,2024-02-20,2024-02-23,2570,Credit,360.79,1.07
685,1659,2024-11-11,2024-11-14,2998,Credit,391.41,1.09
686,2432,2024-07-31,2024-08-03,2022,Debit,110.91,0.98
687,2685,2024-05-03,2024-05-04,2932,Debit,337.25,0.93
688,1198,2024-10-18,2024-10-21,2835,Credit,29.04,1.07
689,1743,2024-04-17,2024-04-19,2981,Credit,449.06,1.03
690,1968,2024-05-14,2024-05-15,2426,Credit,112.91,1.03
691,2459,2024-06-18,2024-06-19,2544,Credit,295.87,0.93
692,2570,2024-08-07,2024-08-10,2052,Credit,51.17,0.94
693,1801,2024-11-23,2024-11-26,2508,Debit,111.56,1.04
694,1280,2024-06-05,2024-06-08,2631,Debit,203.96,0.99
695,2569,2024-07-08,2024-07-12,2288,Credit,98.96,1.08
696,1286,2024-08-01,2024-08-05,2905,Credit,420.14,0.95
697,2170,2024-03-23,2024-03-25,2656,Debit,138.02,1.04
698,1151,2024-02-06,2024-02-10,2141,Debit,465.52,0.93
699,1614,2024-11-10,2024-11-12,2923,Credit,63.47,1.0
700,2257,2024-04-01,2024-04-02,2315,Credit,304.49,1.08
701,2303,2024-04-08,2024-04-09,2869,Credit,101.6,0.94
702,1395,2024-12-06,2024-12-10,2714,Debit,457.32,1.05
703,2418,2024-04-03,2024-04-07,2997,Debit,17.19,1.08
704,2654,2024-03-25,2024-03-27,2078,Debit,109.45,1.04
705,2238,2024-11-10,2024-11-12,2978,Credit,271.28,0.91
706,1729,2024-05-14,2024-05-16,2708,Credit,91.92,1.04
707,1369,2024-04-14,2024-04-15,2784,Credit,105.84,0.97
708,1509,2024-07-30,2024-08-01,2071,Credit,78.12,0.99
709,2172,2024-07-30,2024-07-31,2889,Credit,191.22,1.02
710,2797,2024-02-11,2024-02-12,2607,Debit,88.73,1.04
711,2268,2024-10-02,2024-10-06,2079,Credit,139.09,0.91
712,2221,2024-05-14,2024-05-18,2750,Debit,325.27,1.05
713,1654,2024-06-15,2024-06-19,2409,Debit,301.86,1.01
714,2049,2024-12-29,2024-12-31,2207,Credit,20.48,1.01
715,1577,2024-08-28,2024-08-31,2849,Credit,132.26,0.98
716,2773,2024-05-18,2024-05-22,2925,Credit,312.59,0.92
717,2758,2024-05-26,2024-05-29,2826,Credit,287.19,0.99
718,2305,2024-11-15,2024-11-17,2939,Debit,98.21,1.03
719,2570,2024-01-31,2024-02-03,2473,Debit,338.73,0.97
720,1324,2024-06-16,2024-06-20,2721,Debit,98.16,0.93
721,1513,2024-03-09,2024-03-10,2229,Debit,151.97,1.06
722,2861,2024-03-07,2024-03-09,2433,Debit,222.03,0.96
723,1183,2024-09-15,2024-09-16,2793,Debit,116.44,1.03
724,2880,2024-01-26,2024-01-28,2502,Debit,390.34,0.98
725,1071,2024-09-11,2024-09-12,2711,Credit,24.43,1.01
726,2160,2024-07-14,2024-07-15,2649,Credit,496.92,0.94
727,2834,2024-04-01,2024-04-03,2405,Credit,199.65,1.01
728,2555,2024-10-26,2024-10-29,2668,Credit,293.34,0.91
729,1543,2024-03-28,2024-03-30,2143,Debit,399.93,1.07
730,1803,2024-09-24,2024-09-27,2927,Credit,155.33,0.97
731,2878,2024-12-28,2024-12-30,2035,Credit,114.11,1.1
732,1383,2024-01-08,2024-01-09,2088,Debit,117.11,0.91
733,2200,2024-04-02,2024-04-06,2345,Debit,36.62,1.09
734,2006,2024-02-03,2024-02-05,2746,Debit,214.57,1.01
735,1677,2024-07-04,2024-07-08,2322,Credit,169.5,0.97
736,1843,2024-08-14,2024-08-18,2530,Credit,186.42,1.08
737,2502,2024-04-17,2024-04-20,2165,Credit,274.72,0.92
738,1041,2024-08-25,2024-08-28,2658,Credit,253.09,1.02
739,1378,2024-11-23,2024-11-25,2486,Debit,150.5,0.99
740,1171,2024-10-19,2024-10-23,2073,Debit,71.41,0.98
741,2741,2024-06-17,2024-06-20,2645,Credit,23.8,1.09
742,1018,2024-08-01,2024-08-05,2975,Credit,402.75,1.07
743,1177,2024-06-16,2024-06-19,2298,Credit,81.62,0.93
744,1871,2024-07-23,2024-07-27,2093,Debit,164.18,1.0
745,2798,2024-10-02,2024-10-05,2190,Credit,241.25,0.96
746,1461,2024-04-12,2024-04-16,2469,Credit,27.72,1.08
747,1177,2024-03-01,2024-03-04,2137,Credit,140.55,0.97
748,1006,2024-12-17,2024-12-18,2206,Credit,237.32,0.97
749,1325,2024-05-29,2024-06-02,2724,Credit,132.02,0.96
750,2810,2024-12-02,2024-12-06,2256,Debit,37.57,1.09
751,2434,2024-12-27,2024-12-28,2608,Credit,443.75,0.99
752,2217,2024-02-17,2024-02-18,2297,Credit,73.78,0.92
753,1172,2024-08-27,2024-08-28,2496,Debit,207.25,0.97
754,1656,2024-02-04,2024-02-08,2376,Debit,332.5,1.08
755,2620,2024-02-24,2024-02-27,2578,Debit,262.56,1.08
756,1856,2024-12-16,2024-12-20,2691,Credit,171.22,1.09
757,2377,2024-03-22,2024-03-26,2531,Debit,469.62,0.99
758,2624,2024-12-24,2024-12-26,2651,Debit,211.11,0.96
759,1084,2024-10-12,2024-10-14,2966,Debit,73.32,1.04
760,1766,2024-12-24,2024-12-25,2580,Debit,298.23,1.08
761,2816,2024-10-03,2024-10-07,2360,Debit,493.96,1.08
762,1326,2024-12-26,2024-12-28,2146,Credit,68.47,0.98
763,1482,2024-05-22,2024-05-23,2076,Debit,188.2,1.02
764,1564,2024-08-10,2024-08-11,2118,Debit,459.86,1.0
765,1886,2024-07-15,2024-07-17,2518,Credit,30.21,1.09
766,1707,2024-02-16,2024-02-19,2957,Debit,175.08,1.01
767,1607,2024-11-30,2024-12-04,2558,Debit,110.62,1.05
768,1935,2024-09-13,2024-09-16,2421,Credit,456.61,0.96
769,2125,2024-03-26,2024-03-27,2778,Debit,17.88,1.03
770,1604,2024-12-28,2025-01-01,2933,Debit,145.05,0.97
771,1080,2024-09-21,2024-09-22,2231,Credit,341.28,0.95
772,1785,2024-10-15,2024-10-19,2201,Credit,220.36,1.03
773,2510,2024-11-10,2024-11-11,2400,Debit,84.07,0.99
774,2736,2024-07-08,2024-07-10,2394,Debit,309.22,0.92
775,1882,2024-06-17,2024-06-20,2472,Credit,34.28,1.06
776,2773,2024-09-10,2024-09-12,2058,Debit,398.73,0.97
777,1631,2024-11-07,2024-11-09,2097,Debit,317.45,1.02
778,1343,2024-11-14,2024-11-17,2879,Credit,180.44,0.93
779,1788,2024-12-26,2024-12-30,2075,Debit,274.7,1.1
780,2385,2024-12-06,2024-12-10,2753,Debit,204.46,0.99
781,2996,2024-08-26,2024-08-28,2592,Debit,405.69,0.96
782,2710,2024-12-21,2024-12-23,2506,Debit,319.41,0.98
783,2327,2024-12-10,2024-12-14,2325,Debit,123.28,0.95
784,1540,2024-04-07,2024-04-09,2009,Debit,441.35,0.93
785,1079,2024-02-17,2024-02-21,2032,Debit,147.45,1.02
786,2706,2024-06-18,2024-06-22,2867,Debit,254.62,1.08
787,2045,2024-05-14,2024-05-15,2053,Debit,91.54,1.1
788,2156,2024-01-24,2024-01-26,2161,Debit,427.22,0.91
789,2223,2024-10-17,2024-10-19,2413,Debit,207.18,1.03
790,1033,2024-09-04,2024-09-06,2834,Debit,356.23,1.08
791,1910,2024-01-20,2024-01-21,2982,Credit,113.06,0.96
792,1751,2024-03-21,2024-03-25,2550,Debit,400.25,1.08
793,1595,2024-07-05,2024-07-09,2523,Credit,80.03,0.94
794,2442,2024-08-19,2024-08-21,2643,Credit,215.69,1.01
795,2299,2024-09-16,2024-09-17,2150,Credit,24.58,0.92
796,2694,2024-02-14,2024-02-15,2644,Credit,370.56,0.96
797,1132,2024-07-12,2024-07-16,2661,Debit,286.42,1.0
798,1334,2024-02-20,2024-02-22,2737,Debit,61.71,0.93
799,1407,2024-02-13,2024-02-16,2353,Debit,208.14,0.93
800,1531,2024-09-12,2024-09-16,2760,Credit,317.16,0.97
801,2668,2024-01-23,2024-01-24,2954,Credit,122.16,0.92
802,1590,2024-02-24,2024-02-27,2938,Debit,370.6,0.92
803,1549,2024-04-03,2024-04-06,2088,Debit,239.12,1.0
804,2791,2024-10-20,2024-10-23,2426,Credit,172.6,1.07
805,1003,2024-01-14,2024-01-15,2256,Debit,420.7,1.1
806,1580,2024-11-08,2024-11-11,2889,Credit,422.84,1.07
807,1983,2024-11-25,2024-11-29,2366,Debit,39.6,1.01
808,1308,2024-12-01,2024-12-05,2556,Debit,55.82,1.01
809,2900,2024-10-26,2024-10-27,2894,Credit,300.47,1.05
810,2417,2024-03-25,2024-03-28,2482,Credit,497.5,1.0
811,1562,2024-08-03,2024-08-07,2856,Credit,369.09,0.91
812,1170,2024-08-17,2024-08-18,2327,Debit,409.87,1.06
813,2471,2024-06-18,2024-06-22,2848,Credit,335.12,1.06
814,2872,2024-08-05,2024-08-07,2244,Credit,383.14,1.08
815,1548,2024-05-08,2024-05-12,2799,Debit,262.45,1.09
816,1455,2024-02-03,2024-02-07,2912,Debit,426.87,0.95
817,2461,2024-12-07,2024-12-10,2239,Credit,410.38,1.07
818,2894,2024-10-08,2024-10-12,2280,Debit,373.06,0.92
819,2925,2024-08-13,2024-08-16,2292,Debit,149.1,0.91
820,1181,2024-08-03,2024-08-06,2138,Debit,241.17,0.96
821,2449,2024-12-19,2024-12-22,2348,Debit,327.82,1.01
822,2025,2024-02-07,2024-02-08,2268,Credit,429.3,0.95
823,2097,2024-07-25,2024-07-27,2577,Credit,244.84,0.99
824,2791,2024-11-09,2024-11-10,2476,Credit,424.45,0.95
825,1622,2024-09-10,2024-09-13,2666,Credit,446.79,0.91
826,2099,2024-03-09,2024-03-10,2668,Debit,231.86,1.05
827,1628,2024-07-30,2024-08-03,2850,Credit,165.76,1.01
828,2141,2024-04-30,2024-05-01,2070,Credit,90.85,1.03
829,2790,2024-01-13,2024-01-14,2895,Debit,90.47,0.95
830,1914,2024-12-31,2025-01-03,2504,Debit,34.38,1.0
831,2988,2024-11-10,2024-11-14,2850,Credit,425.96,0.95
832,1294,2024-12-31,2025-01-02,2524,Credit,374.47,0.91
833,1293,2024-10-06,2024-10-07,2430,Credit,490.46,0.99
834,2208,2024-04-08,2024-04-11,2147,Credit,236.64,0.92
835,1722,2024-05-17,2024-05-20,2225,Debit,182.89,1.09
836,2082,2024-07-12,2024-07-13,2899,Debit,37.32,1.0
837,1524,2024-09-24,2024-09-28,2483,Debit,150.52,1.05
838,1450,2024-12-20,2024-12-24,2066,Credit,181.26,1.08
839,2577,2024-11-23,2024-11-26,2721,Credit,413.21,1.0
840,1612,2024-09-23,2024-09-24,2834,Credit,119.0,1.09
841,2212,2024-05-30,2024-06-02,2585,Credit,74.1,0.97
842,1730,2024-06-14,2024-06-18,2330,Debit,334.2,1.06
843,1866,2024-04-12,2024-04-13,2131,Credit,375.72,1.03
844,2874,2024-09-09,2024-09-11,2327,Debit,342.35,0.98
845,2948,2024-06-17,2024-06-20,2834,Credit,477.14,1.08
846,1008,2024-04-02,2024-04-04,2365,Credit,310.68,1.04
847,1366,2024-05-26,2024-05-27,2822,Credit,99.58,0.91
848,1013,2024-09-13,2024-09-14,2752,Credit,411.67,1.02
849,2002,2024-09-24,2024-09-28,2972,Credit,370.89,1.03
850,2035,2024-04-24,2024-04-26,2827,Credit,427.21,1.02
851,2983,2024-08-31,2024-09-03,2796,Debit,288.41,1.04
852,2357,2024-04-23,2024-04-24,2110,Credit,155.79,1.1
853,2011,2024-05-15,2024-05-19,2855,Credit,137.96,1.05
854,2014,2024-01-19,2024-01-23,2731,Credit,109.22,0.94
855,1324,2024-11-30,2024-12-04,2959,Credit,300.78,0.9
856,2996,2024-11-20,2024-11-22,2533,Credit,89.76,0.96
857,2886,2024-04-21,2024-04-22,2259,Debit,134.45,1.08
858,1890,2024-05-23,2024-05-24,2683,Debit,23.31,0.94
859,1696,2024-12-19,2024-12-23,2937,Credit,492.27,0.98
860,1325,2024-09-15,2024-09-17,2848,Credit,342.18,0.94
861,2725,2024-10-02,2024-10-04,2257,Debit,64.36,0.92
862,2236,2024-06-26,2024-06-30,2341,Credit,482.85,0.91
863,2936,2024-05-30,2024-06-03,2875,Credit,181.33,1.04
864,2224,2024-05-29,2024-06-02,2965,Debit,132.17,1.09
865,1237,2024-06-21,2024-06-24,2413,Debit,334.98,0.98
866,2283,2024-08-18,2024-08-19,2367,Credit,322.8,1.03
867,2941,2024-04-29,2024-05-03,2847,Debit,296.7,1.07
868,1605,2024-07-09,2024-07-11,2144,Credit,267.66,0.96
869,1404,2024-07-29,2024-08-01,2378,Debit,54.06,1.05
870,1293,2024-02-21,2024-02-25,2254,Credit,452.3,0.94
871,2157,2024-02-21,2024-02-24,2013,Credit,28.78,1.0
872,1709,2024-08-26,2024-08-28,2953,Credit,44.08,1.05
873,1493,2024-11-05,2024-11-07,2666,Debit,373.45,1.07
874,1719,2024-08-23,2024-08-24,2404,Debit,480.66,1.07
875,1981,2024-01-30,2024-02-01,2266,Credit,229.07,1.04
876,2238,2024-08-12,2024-08-16,2273,Credit,435.88,0.91
877,1575,2024-01-09,2024-01-13,2574,Credit,180.94,1.01
878,1667,2024-12-31,2025-01-03,2845,Credit,248.65,0.97
879,1146,2024-06-24,2024-06-28,2625,Credit,372.69,0.97
880,1818,2024-09-28,2024-09-29,2996,Credit,335.34,1.0
881,2672,2024-01-13,2024-01-17,2065,Credit,115.97,0.94
882,1235,2024-07-01,2024-07-05,2484,Credit,328.26,0.98
883,1283,2024-03-01,2024-03-05,2695,Credit,301.92,0.93
884,2275,2024-12-01,2024-12-03,2229,Credit,340.33,1.02
885,2579,2024-11-20,2024-11-24,2024,Credit,445.39,0.98
886,2769,2024-01-13,2024-01-15,2493,Credit,19.18,0.96
887,2556,2024-07-31,2024-08-01,2696,Debit,111.32,1.02
888,2385,2024-04-13,2024-04-17,2159,Credit,480.39,0.99
889,2001,2024-09-15,2024-09-17,2573,Credit,176.66,0.91
890,1112,2024-03-03,2024-03-05,2329,Credit,309.78,0.95
891,2412,2024-08-16,2024-08-19,2117,Debit,248.67,0.98
892,2179,2024-07-15,2024-07-17,2486,Credit,209.96,0.91
893,2481,2024-04-03,2024-04-06,2763,Debit,291.8,0.99
894,1517,2024-06-04,2024-06-07,2323,Credit,441.16,0.91
895,1816,2024-02-12,2024-02-16,2802,Debit,249.68,1.0
896,2093,2024-03-30,2024-04-02,2109,Credit,388.76,1.03
897,2931,2024-03-26,2024-03-27,2049,Credit,329.48,0.93
898,1094,2024-11-08,2024-11-12,2670,Debit,95.66,0.95
899,2376,2024-02-17,2024-02-18,2686,Credit,273.8,1.0
900,1695,2024-12-30,2025-01-02,2117,Debit,209.58,1.04
901,1608,2024-08-07,2024-08-09,2596,Debit,66.62,0.98
902,2966,2024-05-01,2024-05-02,2991,Debit,69.86,0.97
903,2479,2024-10-01,2024-10-04,2209,Credit,188.39,0.94
904,2815,2024-12-28,2025-01-01,2619,Credit,260.21,1.08
905,2682,2024-12-29,2025-01-01,2116,Debit,66.66,1.09
906,2666,2024-08-02,2024-08-04,2624,Debit,492.25,1.08
907,2579,2024-09-02,2024-09-06,2334,Debit,367.28,0.95
908,1315,2024-10-17,2024-10-21,2596,Debit,365.06,1.1
909,1013,2024-01-28,2024-01-30,2310,Debit,119.18,1.03
910,2845,2024-05-10,2024-05-14,2650,Credit,70.24,0.95
911,2695,2024-07-24,2024-07-28,2550,Credit,265.28,1.07
912,2784,2024-02-19,2024-02-21,2295,Debit,328.97,1.07
913,1896,2024-12-29,2024-12-30,2880,Debit,264.72,0.98
914,1935,2024-05-12,2024-05-16,2996,Credit,101.41,0.9
915,2601,2024-05-29,2024-06-01,2085,Credit,57.83,0.97
916,1868,2024-04-20,2024-04-23,2488,Credit,486.35,0.92
917,2352,2024-02-13,2024-02-17,2983,Credit,199.28,1.0
918,2528,2024-05-10,2024-05-14,2608,Credit,152.73,1.02
919,1232,2024-10-26,2024-10-27,2271,Debit,286.23,1.05
920,2755,2024-09-17,2024-09-19,2375,Credit,179.05,1.02
921,1407,2024-07-15,2024-07-17,2522,Debit,255.32,1.02
922,1344,2024-06-14,2024-06-17,2826,Credit,263.88,0.92
923,1695,2024-09-30,2024-10-04,2932,Debit,378.57,1.01
924,2112,2024-12-26,2024-12-28,2216,Debit,115.16,0.98
925,2790,2024-03-03,2024-03-04,2181,Credit,441.63,1.02
926,2704,2024-07-09,2024-07-12,2203,Debit,423.9,0.94
927,2871,2024-09-20,2024-09-23,2248,Credit,373.2,0.96
928,2313,2024-08-06,2024-08-10,2530,Debit,176.63,0.98
929,2441,2024-01-15,2024-01-19,2495,Debit,351.25,1.02
930,1087,2024-05-05,2024-05-08,2676,Debit,290.17,1.07
931,2592,2024-10-14,2024-10-15,2665,Debit,181.64,0.91
932,2567,2024-12-21,2024-12-22,2285,Credit,119.85,0.91
933,2634,2024-01-14,2024-01-16,2507,Credit,57.09,0.97
934,2001,2024-11-17,2024-11-20,2424,Credit,55.8,0.91
935,2123,2024-10-06,2024-10-10,2413,Debit,310.28,1.05
936,2522,2024-10-28,2024-10-30,2794,Debit,323.62,1.01
937,1894,2024-04-02,2024-04-04,2177,Debit,94.18,1.02
938,2750,2024-04-24,2024-04-27,2702,Credit,107.06,1.08
939,2019,2024-04-13,2024-04-14,2927,Debit,83.42,1.05
940,2275,2024-07-15,2024-07-16,2545,Debit,134.11,0.95
941,1936,2024-01-02,2024-01-03,2450,Credit,430.03,1.05
942,1475,2024-10-05,2024-10-06,2935,Credit,299.2,1.0
943,2999,2024-02-05,2024-02-09,2154,Debit,242.96,0.97
944,2350,2024-11-25,2024-11-26,2611,Debit,361.16,1.07
945,2293,2024-11-02,2024-11-05,2296,Debit,494.93,1.0
946,1391,2024-02-25,2024-02-26,2850,Credit,180.56,1.08
947,2596,2024-02-20,2024-02-21,2952,Debit,253.8,1.0
948,2115,2024-11-20,2024-11-23,2931,Debit,304.03,0.97
949,2958,2024-07-13,2024-07-17,2282,Debit,258.69,1.07
950,1715,2024-11-28,2024-11-30,2732,Debit,349.59,1.03
951,2934,2024-12-26,2024-12-27,2215,Debit,86.85,1.02
952,1333,2024-07-24,2024-07-28,2665,Credit,102.24,0.92
953,2979,2024-09-01,2024-09-05,2237,Debit,240.38,0.91
954,1901,2024-04-20,2024-04-23,2478,Debit,82.03,0.92
955,1429,2024-04-19,2024-04-20,2901,Debit,190.12,0.92
956,2575,2024-02-17,2024-02-20,2104,Credit,332.0,0.94
957,2990,2024-08-27,2024-08-28,2966,Credit,168.12,0.9
958,1208,2024-04-23,2024-04-25,2457,Credit,132.9,0.92
959,2376,2024-12-24,2024-12-28,2141,Debit,469.38,0.95
960,2101,2024-10-16,2024-10-19,2344,Credit,133.21,1.03
961,2117,2024-02-25,2024-02-29,2986,Credit,351.68,1.02
962,2196,2024-09-23,2024-09-26,2611,Debit,84.91,1.05
963,2204,2024-12-21,2024-12-24,2218,Credit,302.74,1.1
964,1003,2024-12-14,2024-12-17,2046,Debit,250.84,1.07
965,2186,2024-08-23,2024-08-24,2222,Debit,361.96,1.0
966,1225,2024-10-30,2024-11-03,2627,Credit,94.45,0.92
967,2904,2024-10-10,2024-10-11,2972,Debit,352.16,0.93
968,1906,2024-11-12,2024-11-16,2069,Debit,472.22,1.1
969,1619,2024-08-15,2024-08-16,2251,Debit,126.39,0.95
970,2662,2024-03-27,2024-03-31,2520,Debit,204.68,0.94
971,2281,2024-06-18,2024-06-22,2257,Credit,437.0,0.99
972,2456,2024-04-07,2024-04-09,2861,Credit,401.1,0.9
973,1996,2024-06-15,2024-06-16,2617,Credit,71.65,1.0
974,1323,2024-12-06,2024-12-08,2917,Credit,81.22,1.02
975,2012,2024-03-26,2024-03-28,2711,Credit,377.81,1.06
976,2593,2024-06-02,2024-06-03,2910,Credit,334.28,0.94
977,2565,2024-12-05,2024-12-08,2262,Credit,78.05,1.09
978,1126,2024-06-14,2024-06-15,2099,Credit,111.65,1.06
979,1413,2024-12-29,2025-01-02,2061,Debit,435.5,0.91
980,1615,2024-01-21,2024-01-22,2223,Debit,199.18,0.97
981,1482,2024-03-02,2024-03-05,2215,Debit,314.84,1.02
982,1835,2024-11-19,2024-11-20,2762,Credit,177.4,1.03
983,1063,2024-01-15,2024-01-18,2095,Credit,61.13,0.92
984,2485,2024-10-19,2024-10-20,2763,Credit,352.89,0.92
985,1620,2024-06-10,2024-06-14,2590,Debit,493.82,0.92
986,1774,2024-12-11,2024-12-12,2654,Debit,54.88,0.96
987,2514,2024-04-10,2024-04-14,2956,Debit,395.76,0.92
988,2792,2024-06-06,2024-06-08,2303,Credit,456.85,0.94
989,1520,2024-09-08,2024-09-12,2526,Credit,114.13,1.06
990,2108,2024-05-22,2024-05-23,2442,Credit,298.5,0.94
991,1346,2024-09-25,2024-09-29,2742,Debit,474.54,0.98
992,2383,2024-07-22,2024-07-25,2720,Debit,278.98,0.94
993,2593,2024-10-06,2024-10-08,2723,Debit,476.85,0.95
994,1250,2024-12-20,2024-12-23,2202,Credit,253.18,0.93
995,2099,2024-01-17,2024-01-20,2789,Credit,128.43,1.03
996,1315,2024-01-15,2024-01-19,2672,Debit,325.56,0.99
997,2446,2024-04-12,2024-04-14,2078,Credit,85.29,1.06
998,1245,2024-03-17,2024-03-21,2217,Debit,244.37,1.02
999,2751,2024-08-26,2024-08-30,2676,Debit,101.37,1.04
1000,1238,2024-12-27,2024-12-28,2572,Credit,207.55,1.04
